<?xml version="1.0" encoding="UTF-8"?>
<definition name="Large Engine Modified" category="3" type="5" mass="400" value="3000" flags="1" tags="basic" audio_filename_loop="audio/fx/engine_light_louder.ogg" audio_filename_start_b="audio/fx2/stormworks_enginestart_large_start.ogg" audio_filename_loop_b="audio/fx2/stormworks_enginestart_large_mid.ogg" audio_filename_end_b="audio/fx2/stormworks_enginestart_large_end.ogg" audio_gain="1" mesh_data_name="meshes/component_engine_diesel.mesh" constraint_axis="1" max_motor_force="100" cable_length="16" seat_health_per_sec="1" buoy_radius="1" buoy_factor="1" buoy_force="100" force_emitter_max_force="1000" force_emitter_max_vector="1" engine_max_force="500000" wheel_radius="0.25" button_type="1" light_range="1" light_ies_map="graphics/ies/ies_default.txtr" light_fov="1" door_lower_limit="-1" door_upper_limit="1" dynamic_max_rotation="3.141593" magnet_force="1" rudder_surface_area="0" electric_magnitude="1.2">
	<tooltip_properties description="An on/off signal controls engine startup and throttle signal controls energy output." short_description="Large diesel engine that can be connected to powered components."/>
	<sfx_datas>
		<sfx_data sfx_name="engine" sfx_range_inner="5.0" sfx_range_outer="100.0" sfx_priority="1">
			<sfx_layers>
				<sfx_layer sfx_filename_loop="audio/fx5/sfx_engine_03_lvl1.ogg" sfx_loop_start_time="0"/>
				<sfx_layer sfx_filename_loop="audio/fx5/sfx_engine_03_lvl2.ogg" sfx_loop_start_time="0"/>
				<sfx_layer sfx_filename_loop="audio/fx5/sfx_engine_03_lvl3.ogg" sfx_loop_start_time="0"/>
				<sfx_layer sfx_filename_loop="audio/fx5/sfx_engine_03_lvl4.ogg" sfx_loop_start_time="0"/>
			</sfx_layers>
		</sfx_data>
		<sfx_data sfx_name="starter" sfx_range_inner="5.0" sfx_range_outer="100.0" sfx_priority="1">
			<sfx_layers>
				<sfx_layer sfx_filename_start="audio/fx2/stormworks_enginestart_large_start.ogg" sfx_filename_loop="audio/fx2/stormworks_enginestart_large_mid.ogg" sfx_filename_end="audio/fx2/stormworks_enginestart_large_end.ogg" sfx_loop_start_time="0.25"/>
			</sfx_layers>
		</sfx_data>
	</sfx_datas>
	<surfaces>
		<surface orientation="3" shape="1">
			<position x="-2" y="-3" z="4"/>
		</surface>
		<surface orientation="3" shape="1">
			<position x="-2" y="-3" z="3"/>
		</surface>
		<surface orientation="3" shape="1">
			<position x="-2" y="-3" z="2"/>
		</surface>
		<surface orientation="3" shape="1">
			<position x="-2" y="-3" z="1"/>
		</surface>
		<surface orientation="3" shape="1">
			<position x="-2" y="-3"/>
		</surface>
		<surface orientation="3" shape="1">
			<position x="-2" y="-3" z="-1"/>
		</surface>
		<surface orientation="3" shape="1">
			<position x="-2" y="-3" z="-2"/>
		</surface>
		<surface orientation="3" shape="1">
			<position x="-2" y="-3" z="-3"/>
		</surface>
		<surface orientation="3" shape="1">
			<position x="-2" y="-3" z="-4"/>
		</surface>
		<surface orientation="3" shape="1">
			<position x="-1" y="-3" z="-4"/>
		</surface>
		<surface orientation="3" shape="1">
			<position y="-3" z="-4"/>
		</surface>
		<surface orientation="3" shape="1">
			<position x="1" y="-3" z="-4"/>
		</surface>
		<surface orientation="3" shape="1">
			<position x="2" y="-3" z="-4"/>
		</surface>
		<surface orientation="3" shape="1">
			<position x="2" y="-3" z="-2"/>
		</surface>
		<surface orientation="3" shape="1">
			<position x="2" y="-3" z="-3"/>
		</surface>
		<surface orientation="3" shape="1">
			<position x="1" y="-3" z="-3"/>
		</surface>
		<surface orientation="3" shape="1">
			<position y="-3" z="-3"/>
		</surface>
		<surface orientation="3" shape="1">
			<position x="-1" y="-3" z="-3"/>
		</surface>
		<surface orientation="3" shape="1">
			<position x="-1" y="-3" z="-2"/>
		</surface>
		<surface orientation="3" shape="1">
			<position y="-3" z="-2"/>
		</surface>
		<surface orientation="3" shape="1">
			<position x="1" y="-3" z="-2"/>
		</surface>
		<surface orientation="3" shape="1">
			<position x="1" y="-3" z="-1"/>
		</surface>
		<surface orientation="3" shape="1">
			<position y="-3" z="-1"/>
		</surface>
		<surface orientation="3" shape="1">
			<position x="-1" y="-3" z="-1"/>
		</surface>
		<surface orientation="3" shape="1">
			<position x="-1" y="-3"/>
		</surface>
		<surface orientation="3" shape="1">
			<position x="-1" y="-3" z="1"/>
		</surface>
		<surface orientation="3" shape="1">
			<position x="-1" y="-3" z="2"/>
		</surface>
		<surface orientation="3" shape="1">
			<position x="-1" y="-3" z="3"/>
		</surface>
		<surface orientation="3" shape="1">
			<position x="-1" y="-3" z="4"/>
		</surface>
		<surface orientation="3" shape="1">
			<position y="-3" z="4"/>
		</surface>
		<surface orientation="3" shape="1">
			<position x="1" y="-3" z="4"/>
		</surface>
		<surface orientation="3" shape="1">
			<position x="2" y="-3" z="4"/>
		</surface>
		<surface orientation="3" shape="1">
			<position x="2" y="-3" z="3"/>
		</surface>
		<surface orientation="3" shape="1">
			<position x="1" y="-3" z="3"/>
		</surface>
		<surface orientation="3" shape="1">
			<position y="-3" z="3"/>
		</surface>
		<surface orientation="3" shape="1">
			<position y="-3" z="2"/>
		</surface>
		<surface orientation="3" shape="1">
			<position x="1" y="-3" z="2"/>
		</surface>
		<surface orientation="3" shape="1">
			<position x="2" y="-3" z="2"/>
		</surface>
		<surface orientation="3" shape="1">
			<position x="2" y="-3" z="1"/>
		</surface>
		<surface orientation="3" shape="1">
			<position x="2" y="-3"/>
		</surface>
		<surface orientation="3" shape="1">
			<position x="2" y="-3" z="-1"/>
		</surface>
		<surface orientation="3" shape="1">
			<position x="1" y="-3"/>
		</surface>
		<surface orientation="3" shape="1">
			<position y="-3"/>
		</surface>
		<surface orientation="3" shape="1">
			<position y="-3" z="1"/>
		</surface>
		<surface orientation="3" shape="1">
			<position x="1" y="-3" z="1"/>
		</surface>
		<surface orientation="1" shape="1">
			<position x="-2" y="-3" z="3"/>
		</surface>
		<surface orientation="1" shape="1">
			<position x="-2" y="-3" z="4"/>
		</surface>
		<surface orientation="1" shape="1">
			<position x="-2" y="-3" z="2"/>
		</surface>
		<surface orientation="1" shape="1">
			<position x="-2" y="-3" z="1"/>
		</surface>
		<surface orientation="1" shape="1">
			<position x="-2" y="-3"/>
		</surface>
		<surface orientation="1" shape="1">
			<position x="-2" y="-3" z="-1"/>
		</surface>
		<surface orientation="1" shape="1">
			<position x="-2" y="-3" z="-2"/>
		</surface>
		<surface orientation="1" shape="1">
			<position x="-2" y="-3" z="-3"/>
		</surface>
		<surface orientation="1" shape="1">
			<position x="-2" y="-3" z="-4"/>
		</surface>
		<surface shape="1">
			<position x="2" y="-3" z="-4"/>
		</surface>
		<surface shape="1">
			<position x="2" y="-3" z="-3"/>
		</surface>
		<surface shape="1">
			<position x="2" y="-3" z="-2"/>
		</surface>
		<surface shape="1">
			<position x="2" y="-3" z="-1"/>
		</surface>
		<surface shape="1">
			<position x="2" y="-3"/>
		</surface>
		<surface shape="1">
			<position x="2" y="-3" z="1"/>
		</surface>
		<surface shape="1">
			<position x="2" y="-3" z="2"/>
		</surface>
		<surface shape="1">
			<position x="2" y="-3" z="3"/>
		</surface>
		<surface shape="1">
			<position x="2" y="-3" z="4"/>
		</surface>
		<surface orientation="5" shape="3" trans_type="1">
			<position y="-1" z="-5"/>
		</surface>
		<surface orientation="4" shape="3" trans_type="2">
			<position y="4" z="5"/>
		</surface>
		<surface orientation="4" shape="3" trans_type="2">
			<position x="2" y="3" z="5"/>
		</surface>
		<surface orientation="4" shape="3" trans_type="2">
			<position x="-2" y="3" z="5"/>
		</surface>
		<surface orientation="4" shape="3" trans_type="2">
			<position x="-1" y="2" z="5"/>
		</surface>
		<surface orientation="4" shape="3" trans_type="2">
			<position y="2" z="5"/>
		</surface>
		<surface orientation="4" shape="3" trans_type="2">
			<position x="1" y="2" z="5"/>
		</surface>
	</surfaces>
	<buoyancy_surfaces>
		<surface orientation="3" shape="1">
			<position x="-2" y="-3" z="4"/>
		</surface>
		<surface orientation="3" shape="1">
			<position x="-2" y="-3" z="3"/>
		</surface>
		<surface orientation="3" shape="1">
			<position x="-2" y="-3" z="2"/>
		</surface>
		<surface orientation="3" shape="1">
			<position x="-2" y="-3" z="1"/>
		</surface>
		<surface orientation="3" shape="1">
			<position x="-2" y="-3"/>
		</surface>
		<surface orientation="3" shape="1">
			<position x="-2" y="-3" z="-1"/>
		</surface>
		<surface orientation="3" shape="1">
			<position x="-2" y="-3" z="-2"/>
		</surface>
		<surface orientation="3" shape="1">
			<position x="-2" y="-3" z="-3"/>
		</surface>
		<surface orientation="3" shape="1">
			<position x="-2" y="-3" z="-4"/>
		</surface>
		<surface orientation="3" shape="1">
			<position x="-1" y="-3" z="-4"/>
		</surface>
		<surface orientation="3" shape="1">
			<position x="-1" y="-3" z="-3"/>
		</surface>
		<surface orientation="3" shape="1">
			<position x="-1" y="-3" z="-2"/>
		</surface>
		<surface orientation="3" shape="1">
			<position x="-1" y="-3" z="-1"/>
		</surface>
		<surface orientation="3" shape="1">
			<position x="-1" y="-3"/>
		</surface>
		<surface orientation="3" shape="1">
			<position x="-1" y="-3" z="1"/>
		</surface>
		<surface orientation="3" shape="1">
			<position x="-1" y="-3" z="2"/>
		</surface>
		<surface orientation="3" shape="1">
			<position x="-1" y="-3" z="3"/>
		</surface>
		<surface orientation="3" shape="1">
			<position x="-1" y="-3" z="4"/>
		</surface>
		<surface orientation="3" shape="1">
			<position y="-3" z="4"/>
		</surface>
		<surface orientation="3" shape="1">
			<position y="-3" z="3"/>
		</surface>
		<surface orientation="3" shape="1">
			<position y="-3" z="2"/>
		</surface>
		<surface orientation="3" shape="1">
			<position y="-3" z="1"/>
		</surface>
		<surface orientation="3" shape="1">
			<position y="-3"/>
		</surface>
		<surface orientation="3" shape="1">
			<position y="-3" z="-1"/>
		</surface>
		<surface orientation="3" shape="1">
			<position y="-3" z="-2"/>
		</surface>
		<surface orientation="3" shape="1">
			<position y="-3" z="-3"/>
		</surface>
		<surface orientation="3" shape="1">
			<position y="-3" z="-4"/>
		</surface>
		<surface orientation="3" shape="1">
			<position x="1" y="-3" z="-4"/>
		</surface>
		<surface orientation="3" shape="1">
			<position x="1" y="-3" z="-2"/>
		</surface>
		<surface orientation="3" shape="1">
			<position x="1" y="-3" z="-3"/>
		</surface>
		<surface orientation="3" shape="1">
			<position x="1" y="-3" z="-1"/>
		</surface>
		<surface orientation="3" shape="1">
			<position x="1" y="-3"/>
		</surface>
		<surface orientation="3" shape="1">
			<position x="1" y="-3" z="1"/>
		</surface>
		<surface orientation="3" shape="1">
			<position x="1" y="-3" z="2"/>
		</surface>
		<surface orientation="3" shape="1">
			<position x="1" y="-3" z="3"/>
		</surface>
		<surface orientation="3" shape="1">
			<position x="1" y="-3" z="4"/>
		</surface>
		<surface orientation="3" shape="1">
			<position x="2" y="-3" z="4"/>
		</surface>
		<surface orientation="3" shape="1">
			<position x="2" y="-3" z="3"/>
		</surface>
		<surface orientation="3" shape="1">
			<position x="2" y="-3" z="2"/>
		</surface>
		<surface orientation="3" shape="1">
			<position x="2" y="-3" z="1"/>
		</surface>
		<surface orientation="3" shape="1">
			<position x="2" y="-3" z="-1"/>
		</surface>
		<surface orientation="3" shape="1">
			<position x="2" y="-3"/>
		</surface>
		<surface orientation="3" shape="1">
			<position x="2" y="-3" z="-2"/>
		</surface>
		<surface orientation="3" shape="1">
			<position x="2" y="-3" z="-3"/>
		</surface>
		<surface orientation="3" shape="1">
			<position x="2" y="-3" z="-4"/>
		</surface>
		<surface shape="1">
			<position x="2" y="-3" z="-4"/>
		</surface>
		<surface shape="1">
			<position x="2" y="-3" z="-3"/>
		</surface>
		<surface shape="1">
			<position x="2" y="-3" z="-2"/>
		</surface>
		<surface shape="1">
			<position x="2" y="-3" z="-1"/>
		</surface>
		<surface shape="1">
			<position x="2" y="-3"/>
		</surface>
		<surface shape="1">
			<position x="2" y="-3" z="1"/>
		</surface>
		<surface shape="1">
			<position x="2" y="-3" z="2"/>
		</surface>
		<surface shape="1">
			<position x="2" y="-3" z="3"/>
		</surface>
		<surface shape="1">
			<position x="2" y="-3" z="4"/>
		</surface>
		<surface orientation="1" shape="1">
			<position x="-2" y="-3" z="4"/>
		</surface>
		<surface orientation="1" shape="1">
			<position x="-2" y="-3" z="3"/>
		</surface>
		<surface orientation="1" shape="1">
			<position x="-2" y="-3" z="2"/>
		</surface>
		<surface orientation="1" shape="1">
			<position x="-2" y="-3" z="1"/>
		</surface>
		<surface orientation="1" shape="1">
			<position x="-2" y="-3"/>
		</surface>
		<surface orientation="1" shape="1">
			<position x="-2" y="-3" z="-1"/>
		</surface>
		<surface orientation="1" shape="1">
			<position x="-2" y="-3" z="-2"/>
		</surface>
		<surface orientation="1" shape="1">
			<position x="-2" y="-3" z="-3"/>
		</surface>
		<surface orientation="1" shape="1">
			<position x="-2" y="-3" z="-4"/>
		</surface>
	</buoyancy_surfaces>
	<logic_nodes>
		<logic_node label="Throttle" mode="1" type="1" description="Standard value between 0 and 1 that controls the throttle of the engine.">
			<position y="3" z="5"/>
		</logic_node>
		<logic_node label="Starter" mode="1" description="Increases the engine RPS using electrical power to start up the engine.">
			<position y="1" z="5"/>
		</logic_node>
		<logic_node orientation="5" label="RPS" type="2" description="The power supplied by the engine for inputting to other components.">
			<position y="-1" z="-5"/>
		</logic_node>
		<logic_node orientation="4" label="Fuel" mode="1" type="3" description="The fuel supply for the engine." flags="2">
			<position y="2" z="5"/>
		</logic_node>
		<logic_node orientation="4" label="Air" mode="1" type="3" description="The air supply for the engine." flags="2">
			<position y="4" z="5"/>
		</logic_node>
		<logic_node orientation="4" label="In Coolant" mode="1" type="3" description="The return flow (cold) for the coolant system." flags="2">
			<position x="1" y="2" z="5"/>
		</logic_node>
		<logic_node orientation="4" label="Out Coolant" type="3" description="The output flow (hot) for the coolant system." flags="2">
			<position x="-1" y="2" z="5"/>
		</logic_node>
		<logic_node orientation="4" label="Exhaust" type="3" description="Out flow for combusted fumes from the engine." flags="2">
			<position x="2" y="3" z="5"/>
		</logic_node>
		<logic_node orientation="4" label="Exhaust" type="3" description="Out flow for combusted fumes from the engine." flags="2">
			<position x="-2" y="3" z="5"/>
		</logic_node>
		<logic_node label="RPS" type="1" description="Output value giving data info on engine speed." flags="2">
			<position y="4" z="-1"/>
		</logic_node>
		<logic_node label="Temperature" type="1" description="Output value giving data info on engine temperature." flags="2">
			<position y="4" z="1"/>
		</logic_node>
		<logic_node label="Electric" mode="1" type="4" description="Electrical power connection.">
			<position/>
		</logic_node>
	</logic_nodes>
	<couplings/>
	<voxels>
		<voxel flags="1">
			<position/>
			<physics_shape_rotation/>
		</voxel>
		<voxel flags="1">
			<position y="-1"/>
			<physics_shape_rotation/>
		</voxel>
		<voxel flags="1">
			<position y="-2"/>
			<physics_shape_rotation/>
		</voxel>
		<voxel flags="1">
			<position y="-3"/>
			<physics_shape_rotation/>
		</voxel>
		<voxel flags="1">
			<position y="-3" z="-1"/>
			<physics_shape_rotation/>
		</voxel>
		<voxel flags="1">
			<position y="-3" z="-2"/>
			<physics_shape_rotation/>
		</voxel>
		<voxel flags="1">
			<position y="-3" z="-3"/>
			<physics_shape_rotation/>
		</voxel>
		<voxel flags="1" buoy_pipes="6">
			<position y="-3" z="-4"/>
			<physics_shape_rotation/>
		</voxel>
		<voxel flags="1" buoy_pipes="48">
			<position y="-3" z="-5"/>
			<physics_shape_rotation/>
		</voxel>
		<voxel flags="1">
			<position y="-3" z="1"/>
			<physics_shape_rotation/>
		</voxel>
		<voxel flags="1">
			<position y="-3" z="2"/>
			<physics_shape_rotation/>
		</voxel>
		<voxel flags="1">
			<position y="-3" z="3"/>
			<physics_shape_rotation/>
		</voxel>
		<voxel flags="1">
			<position y="-3" z="4"/>
			<physics_shape_rotation/>
		</voxel>
		<voxel flags="1">
			<position y="-3" z="5"/>
			<physics_shape_rotation/>
		</voxel>
		<voxel flags="1">
			<position x="1" y="-3"/>
			<physics_shape_rotation/>
		</voxel>
		<voxel flags="1">
			<position x="2" y="-3"/>
			<physics_shape_rotation/>
		</voxel>
		<voxel flags="1">
			<position x="-1" y="-3"/>
			<physics_shape_rotation/>
		</voxel>
		<voxel flags="1">
			<position x="-2" y="-3"/>
			<physics_shape_rotation/>
		</voxel>
		<voxel flags="1" buoy_pipes="18">
			<position y="-2" z="-5"/>
			<physics_shape_rotation/>
		</voxel>
		<voxel flags="1" buoy_pipes="6">
			<position y="-1" z="-5"/>
			<physics_shape_rotation/>
		</voxel>
		<voxel flags="1">
			<position z="-5"/>
			<physics_shape_rotation/>
		</voxel>
		<voxel flags="1">
			<position y="1" z="-5"/>
			<physics_shape_rotation/>
		</voxel>
		<voxel flags="1">
			<position y="2" z="-5"/>
			<physics_shape_rotation/>
		</voxel>
		<voxel flags="1">
			<position y="3" z="-5"/>
			<physics_shape_rotation/>
		</voxel>
		<voxel flags="1">
			<position y="4" z="-5"/>
			<physics_shape_rotation/>
		</voxel>
		<voxel flags="1">
			<position x="1" y="-3" z="-5"/>
			<physics_shape_rotation/>
		</voxel>
		<voxel flags="1">
			<position x="1" y="-3" z="-4"/>
			<physics_shape_rotation/>
		</voxel>
		<voxel flags="1">
			<position x="1" y="-3" z="-3"/>
			<physics_shape_rotation/>
		</voxel>
		<voxel flags="1">
			<position x="1" y="-3" z="-2"/>
			<physics_shape_rotation/>
		</voxel>
		<voxel flags="1">
			<position x="1" y="-3" z="-1"/>
			<physics_shape_rotation/>
		</voxel>
		<voxel flags="1">
			<position x="1" y="-3" z="1"/>
			<physics_shape_rotation/>
		</voxel>
		<voxel flags="1">
			<position x="1" y="-3" z="2"/>
			<physics_shape_rotation/>
		</voxel>
		<voxel flags="1">
			<position x="1" y="-3" z="3"/>
			<physics_shape_rotation/>
		</voxel>
		<voxel flags="1">
			<position x="1" y="-3" z="4"/>
			<physics_shape_rotation/>
		</voxel>
		<voxel flags="1">
			<position x="1" y="-3" z="5"/>
			<physics_shape_rotation/>
		</voxel>
		<voxel flags="1">
			<position x="-1" y="-3" z="1"/>
			<physics_shape_rotation/>
		</voxel>
		<voxel flags="1">
			<position x="-1" y="-3" z="2"/>
			<physics_shape_rotation/>
		</voxel>
		<voxel flags="1">
			<position x="-1" y="-3" z="3"/>
			<physics_shape_rotation/>
		</voxel>
		<voxel flags="1">
			<position x="-1" y="-3" z="4"/>
			<physics_shape_rotation/>
		</voxel>
		<voxel flags="1">
			<position x="-1" y="-3" z="5"/>
			<physics_shape_rotation/>
		</voxel>
		<voxel flags="1">
			<position x="-1" y="-3" z="-1"/>
			<physics_shape_rotation/>
		</voxel>
		<voxel flags="1">
			<position x="-1" y="-3" z="-2"/>
			<physics_shape_rotation/>
		</voxel>
		<voxel flags="1">
			<position x="-1" y="-3" z="-3"/>
			<physics_shape_rotation/>
		</voxel>
		<voxel flags="1">
			<position x="-1" y="-3" z="-4"/>
			<physics_shape_rotation/>
		</voxel>
		<voxel flags="1">
			<position x="-1" y="-3" z="-5"/>
			<physics_shape_rotation/>
		</voxel>
		<voxel flags="1">
			<position x="2" y="-3" z="-1"/>
			<physics_shape_rotation/>
		</voxel>
		<voxel flags="1">
			<position x="2" y="-3" z="-2"/>
			<physics_shape_rotation/>
		</voxel>
		<voxel flags="1">
			<position x="2" y="-3" z="-3"/>
			<physics_shape_rotation/>
		</voxel>
		<voxel flags="1">
			<position x="2" y="-3" z="-4"/>
			<physics_shape_rotation/>
		</voxel>
		<voxel flags="1">
			<position x="2" y="-3" z="-5"/>
			<physics_shape_rotation/>
		</voxel>
		<voxel flags="1">
			<position x="-2" y="-3" z="-1"/>
			<physics_shape_rotation/>
		</voxel>
		<voxel flags="1">
			<position x="-2" y="-3" z="-2"/>
			<physics_shape_rotation/>
		</voxel>
		<voxel flags="1">
			<position x="-2" y="-3" z="-3"/>
			<physics_shape_rotation/>
		</voxel>
		<voxel flags="1">
			<position x="-2" y="-3" z="-4"/>
			<physics_shape_rotation/>
		</voxel>
		<voxel flags="1">
			<position x="-2" y="-3" z="-5"/>
			<physics_shape_rotation/>
		</voxel>
		<voxel flags="1">
			<position x="-2" y="-3" z="1"/>
			<physics_shape_rotation/>
		</voxel>
		<voxel flags="1">
			<position x="-2" y="-3" z="2"/>
			<physics_shape_rotation/>
		</voxel>
		<voxel flags="1">
			<position x="-2" y="-3" z="3"/>
			<physics_shape_rotation/>
		</voxel>
		<voxel flags="1" buoy_pipes="34">
			<position x="-2" y="-3" z="4"/>
			<physics_shape_rotation/>
		</voxel>
		<voxel flags="1" buoy_pipes="20">
			<position x="-2" y="-3" z="5"/>
			<physics_shape_rotation/>
		</voxel>
		<voxel flags="1">
			<position x="2" y="-3" z="1"/>
			<physics_shape_rotation/>
		</voxel>
		<voxel flags="1">
			<position x="2" y="-3" z="2"/>
			<physics_shape_rotation/>
		</voxel>
		<voxel flags="1">
			<position x="2" y="-3" z="3"/>
			<physics_shape_rotation/>
		</voxel>
		<voxel flags="1" buoy_pipes="34">
			<position x="2" y="-3" z="4"/>
			<physics_shape_rotation/>
		</voxel>
		<voxel flags="1" buoy_pipes="20">
			<position x="2" y="-3" z="5"/>
			<physics_shape_rotation/>
		</voxel>
		<voxel flags="1">
			<position x="-1" y="-2" z="-5"/>
			<physics_shape_rotation/>
		</voxel>
		<voxel flags="1">
			<position x="-2" y="-2" z="-5"/>
			<physics_shape_rotation/>
		</voxel>
		<voxel flags="1">
			<position x="1" y="-2" z="-5"/>
			<physics_shape_rotation/>
		</voxel>
		<voxel flags="1">
			<position x="2" y="-2" z="-5"/>
			<physics_shape_rotation/>
		</voxel>
		<voxel flags="1">
			<position x="2" y="-2" z="-4"/>
			<physics_shape_rotation/>
		</voxel>
		<voxel flags="1">
			<position x="-1" y="-2" z="-4"/>
			<physics_shape_rotation/>
		</voxel>
		<voxel flags="1">
			<position y="-2" z="-4"/>
			<physics_shape_rotation/>
		</voxel>
		<voxel flags="1">
			<position x="1" y="-2" z="-4"/>
			<physics_shape_rotation/>
		</voxel>
		<voxel flags="1">
			<position x="2" y="-1" z="-4"/>
			<physics_shape_rotation/>
		</voxel>
		<voxel flags="1">
			<position x="2" y="-1" z="-5"/>
			<physics_shape_rotation/>
		</voxel>
		<voxel flags="1">
			<position x="2" z="-5"/>
			<physics_shape_rotation/>
		</voxel>
		<voxel flags="1">
			<position x="2" y="1" z="-5"/>
			<physics_shape_rotation/>
		</voxel>
		<voxel flags="1">
			<position x="2" y="2" z="-5"/>
			<physics_shape_rotation/>
		</voxel>
		<voxel flags="1">
			<position x="2" y="3" z="-5"/>
			<physics_shape_rotation/>
		</voxel>
		<voxel flags="1">
			<position x="2" y="4" z="-5"/>
			<physics_shape_rotation/>
		</voxel>
		<voxel flags="1">
			<position x="1" y="-1" z="-5"/>
			<physics_shape_rotation/>
		</voxel>
		<voxel flags="1">
			<position x="1" z="-5"/>
			<physics_shape_rotation/>
		</voxel>
		<voxel flags="1">
			<position x="1" y="1" z="-5"/>
			<physics_shape_rotation/>
		</voxel>
		<voxel flags="1">
			<position x="1" y="2" z="-5"/>
			<physics_shape_rotation/>
		</voxel>
		<voxel flags="1">
			<position x="1" y="3" z="-5"/>
			<physics_shape_rotation/>
		</voxel>
		<voxel flags="1">
			<position x="1" y="4" z="-5"/>
			<physics_shape_rotation/>
		</voxel>
		<voxel flags="1">
			<position x="-1" y="-1" z="-5"/>
			<physics_shape_rotation/>
		</voxel>
		<voxel flags="1">
			<position x="-1" z="-5"/>
			<physics_shape_rotation/>
		</voxel>
		<voxel flags="1">
			<position x="-1" y="1" z="-5"/>
			<physics_shape_rotation/>
		</voxel>
		<voxel flags="1">
			<position x="-1" y="2" z="-5"/>
			<physics_shape_rotation/>
		</voxel>
		<voxel flags="1">
			<position x="-1" y="3" z="-5"/>
			<physics_shape_rotation/>
		</voxel>
		<voxel flags="1">
			<position x="-1" y="4" z="-5"/>
			<physics_shape_rotation/>
		</voxel>
		<voxel flags="1">
			<position x="-2" y="-1" z="-5"/>
			<physics_shape_rotation/>
		</voxel>
		<voxel flags="1">
			<position x="-2" y="1" z="-5"/>
			<physics_shape_rotation/>
		</voxel>
		<voxel flags="1">
			<position x="-2" y="2" z="-5"/>
			<physics_shape_rotation/>
		</voxel>
		<voxel flags="1">
			<position x="-2" y="3" z="-5"/>
			<physics_shape_rotation/>
		</voxel>
		<voxel flags="1">
			<position x="-2" y="4" z="-5"/>
			<physics_shape_rotation/>
		</voxel>
		<voxel flags="1">
			<position x="2" z="-4"/>
			<physics_shape_rotation/>
		</voxel>
		<voxel flags="1">
			<position x="2" y="1" z="-4"/>
			<physics_shape_rotation/>
		</voxel>
		<voxel flags="1">
			<position x="2" y="2" z="-4"/>
			<physics_shape_rotation/>
		</voxel>
		<voxel flags="1">
			<position x="2" y="3" z="-4"/>
			<physics_shape_rotation/>
		</voxel>
		<voxel flags="1">
			<position x="2" y="4" z="-4"/>
			<physics_shape_rotation/>
		</voxel>
		<voxel flags="1">
			<position x="1" y="-1" z="-4"/>
			<physics_shape_rotation/>
		</voxel>
		<voxel flags="1">
			<position x="1" z="-4"/>
			<physics_shape_rotation/>
		</voxel>
		<voxel flags="1">
			<position x="1" y="1" z="-4"/>
			<physics_shape_rotation/>
		</voxel>
		<voxel flags="1">
			<position x="1" y="2" z="-4"/>
			<physics_shape_rotation/>
		</voxel>
		<voxel flags="1">
			<position x="1" y="3" z="-4"/>
			<physics_shape_rotation/>
		</voxel>
		<voxel flags="1">
			<position x="1" y="4" z="-4"/>
			<physics_shape_rotation/>
		</voxel>
		<voxel flags="1">
			<position y="-1" z="-4"/>
			<physics_shape_rotation/>
		</voxel>
		<voxel flags="1">
			<position z="-4"/>
			<physics_shape_rotation/>
		</voxel>
		<voxel flags="1">
			<position y="1" z="-4"/>
			<physics_shape_rotation/>
		</voxel>
		<voxel flags="1">
			<position y="2" z="-4"/>
			<physics_shape_rotation/>
		</voxel>
		<voxel flags="1">
			<position y="3" z="-4"/>
			<physics_shape_rotation/>
		</voxel>
		<voxel flags="1">
			<position y="4" z="-4"/>
			<physics_shape_rotation/>
		</voxel>
		<voxel flags="1">
			<position x="-1" y="1" z="-4"/>
			<physics_shape_rotation/>
		</voxel>
		<voxel flags="1">
			<position x="-1" y="2" z="-4"/>
			<physics_shape_rotation/>
		</voxel>
		<voxel flags="1">
			<position x="-1" y="3" z="-4"/>
			<physics_shape_rotation/>
		</voxel>
		<voxel flags="1">
			<position x="-2" y="3" z="-4"/>
			<physics_shape_rotation/>
		</voxel>
		<voxel flags="1">
			<position x="-1" y="4" z="-4"/>
			<physics_shape_rotation/>
		</voxel>
		<voxel flags="1">
			<position x="-2" y="2" z="-4"/>
			<physics_shape_rotation/>
		</voxel>
		<voxel flags="1">
			<position x="-2" y="4" z="-4"/>
			<physics_shape_rotation/>
		</voxel>
		<voxel flags="1">
			<position x="2" y="-2" z="-3"/>
			<physics_shape_rotation/>
		</voxel>
		<voxel flags="1">
			<position x="2" y="-1" z="-3"/>
			<physics_shape_rotation/>
		</voxel>
		<voxel flags="1">
			<position x="2" z="-3"/>
			<physics_shape_rotation/>
		</voxel>
		<voxel flags="1">
			<position x="2" y="1" z="-3"/>
			<physics_shape_rotation/>
		</voxel>
		<voxel flags="1">
			<position x="2" y="2" z="-3"/>
			<physics_shape_rotation/>
		</voxel>
		<voxel flags="1">
			<position x="2" y="3" z="-3"/>
			<physics_shape_rotation/>
		</voxel>
		<voxel flags="1">
			<position x="2" y="4" z="-3"/>
			<physics_shape_rotation/>
		</voxel>
		<voxel flags="1">
			<position x="1" y="-2" z="-3"/>
			<physics_shape_rotation/>
		</voxel>
		<voxel flags="1">
			<position x="1" y="-1" z="-3"/>
			<physics_shape_rotation/>
		</voxel>
		<voxel flags="1">
			<position x="1" z="-3"/>
			<physics_shape_rotation/>
		</voxel>
		<voxel flags="1">
			<position x="1" y="1" z="-3"/>
			<physics_shape_rotation/>
		</voxel>
		<voxel flags="1">
			<position x="1" y="2" z="-3"/>
			<physics_shape_rotation/>
		</voxel>
		<voxel flags="1">
			<position x="1" y="3" z="-3"/>
			<physics_shape_rotation/>
		</voxel>
		<voxel flags="1">
			<position x="1" y="4" z="-3"/>
			<physics_shape_rotation/>
		</voxel>
		<voxel flags="1">
			<position y="-2" z="-3"/>
			<physics_shape_rotation/>
		</voxel>
		<voxel flags="1">
			<position y="-1" z="-3"/>
			<physics_shape_rotation/>
		</voxel>
		<voxel flags="1">
			<position z="-3"/>
			<physics_shape_rotation/>
		</voxel>
		<voxel flags="1">
			<position y="1" z="-3"/>
			<physics_shape_rotation/>
		</voxel>
		<voxel flags="1">
			<position y="2" z="-3"/>
			<physics_shape_rotation/>
		</voxel>
		<voxel flags="1">
			<position y="3" z="-3"/>
			<physics_shape_rotation/>
		</voxel>
		<voxel flags="1">
			<position y="4" z="-3"/>
			<physics_shape_rotation/>
		</voxel>
		<voxel flags="1">
			<position x="-1" y="-2" z="-3"/>
			<physics_shape_rotation/>
		</voxel>
		<voxel flags="1">
			<position x="-1" y="1" z="-3"/>
			<physics_shape_rotation/>
		</voxel>
		<voxel flags="1">
			<position x="-1" y="2" z="-3"/>
			<physics_shape_rotation/>
		</voxel>
		<voxel flags="1">
			<position x="-1" y="3" z="-3"/>
			<physics_shape_rotation/>
		</voxel>
		<voxel flags="1">
			<position x="-1" y="4" z="-3"/>
			<physics_shape_rotation/>
		</voxel>
		<voxel flags="1">
			<position x="-2" y="2" z="-3"/>
			<physics_shape_rotation/>
		</voxel>
		<voxel flags="1">
			<position x="-2" y="3" z="-3"/>
			<physics_shape_rotation/>
		</voxel>
		<voxel flags="1">
			<position x="-2" y="4" z="-3"/>
			<physics_shape_rotation/>
		</voxel>
		<voxel flags="1">
			<position x="-2" y="2" z="-2"/>
			<physics_shape_rotation/>
		</voxel>
		<voxel flags="1">
			<position x="-2" y="3" z="-2"/>
			<physics_shape_rotation/>
		</voxel>
		<voxel flags="1">
			<position x="-2" y="4" z="-2"/>
			<physics_shape_rotation/>
		</voxel>
		<voxel flags="1">
			<position x="-1" y="2" z="-2"/>
			<physics_shape_rotation/>
		</voxel>
		<voxel flags="1">
			<position x="-1" y="3" z="-2"/>
			<physics_shape_rotation/>
		</voxel>
		<voxel flags="1">
			<position x="-1" y="4" z="-2"/>
			<physics_shape_rotation/>
		</voxel>
		<voxel flags="1">
			<position y="-1" z="-2"/>
			<physics_shape_rotation/>
		</voxel>
		<voxel flags="1">
			<position x="-1" y="-1" z="-2"/>
			<physics_shape_rotation/>
		</voxel>
		<voxel flags="1">
			<position z="-2"/>
			<physics_shape_rotation/>
		</voxel>
		<voxel flags="1">
			<position x="-1" z="-2"/>
			<physics_shape_rotation/>
		</voxel>
		<voxel flags="1">
			<position y="1" z="-2"/>
			<physics_shape_rotation/>
		</voxel>
		<voxel flags="1">
			<position x="-1" y="1" z="-2"/>
			<physics_shape_rotation/>
		</voxel>
		<voxel flags="1">
			<position y="2" z="-2"/>
			<physics_shape_rotation/>
		</voxel>
		<voxel flags="1">
			<position y="3" z="-2"/>
			<physics_shape_rotation/>
		</voxel>
		<voxel flags="1">
			<position y="4" z="-2"/>
			<physics_shape_rotation/>
		</voxel>
		<voxel flags="1">
			<position x="1" y="-2" z="-2"/>
			<physics_shape_rotation/>
		</voxel>
		<voxel flags="1">
			<position x="1" y="-1" z="-2"/>
			<physics_shape_rotation/>
		</voxel>
		<voxel flags="1">
			<position x="1" z="-2"/>
			<physics_shape_rotation/>
		</voxel>
		<voxel flags="1">
			<position x="1" y="1" z="-2"/>
			<physics_shape_rotation/>
		</voxel>
		<voxel flags="1">
			<position x="1" y="2" z="-2"/>
			<physics_shape_rotation/>
		</voxel>
		<voxel flags="1">
			<position x="1" y="3" z="-2"/>
			<physics_shape_rotation/>
		</voxel>
		<voxel flags="1">
			<position x="1" y="4" z="-2"/>
			<physics_shape_rotation/>
		</voxel>
		<voxel flags="1">
			<position x="2" y="-2" z="-2"/>
			<physics_shape_rotation/>
		</voxel>
		<voxel flags="1">
			<position x="2" y="-1" z="-2"/>
			<physics_shape_rotation/>
		</voxel>
		<voxel flags="1">
			<position x="2" z="-2"/>
			<physics_shape_rotation/>
		</voxel>
		<voxel flags="1">
			<position x="2" y="1" z="-2"/>
			<physics_shape_rotation/>
		</voxel>
		<voxel flags="1">
			<position x="2" y="2" z="-2"/>
			<physics_shape_rotation/>
		</voxel>
		<voxel flags="1">
			<position x="2" y="3" z="-2"/>
			<physics_shape_rotation/>
		</voxel>
		<voxel flags="1">
			<position x="2" y="4" z="-2"/>
			<physics_shape_rotation/>
		</voxel>
		<voxel flags="1">
			<position x="-2" y="2" z="-1"/>
			<physics_shape_rotation/>
		</voxel>
		<voxel flags="1">
			<position x="-2" y="3" z="-1"/>
			<physics_shape_rotation/>
		</voxel>
		<voxel flags="1">
			<position x="-2" y="4" z="-1"/>
			<physics_shape_rotation/>
		</voxel>
		<voxel flags="1">
			<position x="-1" y="-2" z="-1"/>
			<physics_shape_rotation/>
		</voxel>
		<voxel flags="1">
			<position x="-1" y="-1" z="-1"/>
			<physics_shape_rotation/>
		</voxel>
		<voxel flags="1">
			<position x="-1" z="-1"/>
			<physics_shape_rotation/>
		</voxel>
		<voxel flags="1">
			<position x="-1" y="1" z="-1"/>
			<physics_shape_rotation/>
		</voxel>
		<voxel flags="1">
			<position x="-1" y="2" z="-1"/>
			<physics_shape_rotation/>
		</voxel>
		<voxel flags="1">
			<position x="-1" y="3" z="-1"/>
			<physics_shape_rotation/>
		</voxel>
		<voxel flags="1">
			<position x="-1" y="4" z="-1"/>
			<physics_shape_rotation/>
		</voxel>
		<voxel flags="1">
			<position y="-2" z="-1"/>
			<physics_shape_rotation/>
		</voxel>
		<voxel flags="1">
			<position y="-1" z="-1"/>
			<physics_shape_rotation/>
		</voxel>
		<voxel flags="1">
			<position z="-1"/>
			<physics_shape_rotation/>
		</voxel>
		<voxel flags="1">
			<position y="1" z="-1"/>
			<physics_shape_rotation/>
		</voxel>
		<voxel flags="1">
			<position y="2" z="-1"/>
			<physics_shape_rotation/>
		</voxel>
		<voxel flags="1">
			<position y="3" z="-1"/>
			<physics_shape_rotation/>
		</voxel>
		<voxel flags="1">
			<position y="4" z="-1"/>
			<physics_shape_rotation/>
		</voxel>
		<voxel flags="1">
			<position x="1" y="-2" z="-1"/>
			<physics_shape_rotation/>
		</voxel>
		<voxel flags="1">
			<position x="1" y="-1" z="-1"/>
			<physics_shape_rotation/>
		</voxel>
		<voxel flags="1">
			<position x="1" z="-1"/>
			<physics_shape_rotation/>
		</voxel>
		<voxel flags="1">
			<position x="1" y="1" z="-1"/>
			<physics_shape_rotation/>
		</voxel>
		<voxel flags="1">
			<position x="1" y="2" z="-1"/>
			<physics_shape_rotation/>
		</voxel>
		<voxel flags="1">
			<position x="1" y="3" z="-1"/>
			<physics_shape_rotation/>
		</voxel>
		<voxel flags="1">
			<position x="2" y="-2" z="-1"/>
			<physics_shape_rotation/>
		</voxel>
		<voxel flags="1">
			<position x="2" y="-1" z="-1"/>
			<physics_shape_rotation/>
		</voxel>
		<voxel flags="1">
			<position x="2" z="-1"/>
			<physics_shape_rotation/>
		</voxel>
		<voxel flags="1">
			<position x="2" y="1" z="-1"/>
			<physics_shape_rotation/>
		</voxel>
		<voxel flags="1">
			<position x="2" y="2" z="-1"/>
			<physics_shape_rotation/>
		</voxel>
		<voxel flags="1">
			<position x="2" y="3" z="-1"/>
			<physics_shape_rotation/>
		</voxel>
		<voxel flags="1">
			<position x="2" y="4" z="-1"/>
			<physics_shape_rotation/>
		</voxel>
		<voxel flags="1">
			<position x="1" y="4" z="-1"/>
			<physics_shape_rotation/>
		</voxel>
		<voxel flags="1">
			<position x="-2"/>
			<physics_shape_rotation/>
		</voxel>
		<voxel flags="1">
			<position x="-2" y="1"/>
			<physics_shape_rotation/>
		</voxel>
		<voxel flags="1">
			<position x="-2" y="2"/>
			<physics_shape_rotation/>
		</voxel>
		<voxel flags="1">
			<position x="-2" y="3"/>
			<physics_shape_rotation/>
		</voxel>
		<voxel flags="1">
			<position x="-2" y="4"/>
			<physics_shape_rotation/>
		</voxel>
		<voxel flags="1">
			<position x="-1"/>
			<physics_shape_rotation/>
		</voxel>
		<voxel flags="1">
			<position x="-1" y="1"/>
			<physics_shape_rotation/>
		</voxel>
		<voxel flags="1">
			<position x="-1" y="2"/>
			<physics_shape_rotation/>
		</voxel>
		<voxel flags="1">
			<position x="-1" y="3"/>
			<physics_shape_rotation/>
		</voxel>
		<voxel flags="1">
			<position x="-1" y="4"/>
			<physics_shape_rotation/>
		</voxel>
		<voxel flags="1">
			<position y="1"/>
			<physics_shape_rotation/>
		</voxel>
		<voxel flags="1">
			<position y="2"/>
			<physics_shape_rotation/>
		</voxel>
		<voxel flags="1">
			<position y="3"/>
			<physics_shape_rotation/>
		</voxel>
		<voxel flags="1">
			<position y="4"/>
			<physics_shape_rotation/>
		</voxel>
		<voxel flags="1">
			<position x="1" y="-2"/>
			<physics_shape_rotation/>
		</voxel>
		<voxel flags="1">
			<position x="1" y="-1"/>
			<physics_shape_rotation/>
		</voxel>
		<voxel flags="1">
			<position x="1"/>
			<physics_shape_rotation/>
		</voxel>
		<voxel flags="1">
			<position x="1" y="1"/>
			<physics_shape_rotation/>
		</voxel>
		<voxel flags="1">
			<position x="1" y="2"/>
			<physics_shape_rotation/>
		</voxel>
		<voxel flags="1">
			<position x="1" y="3"/>
			<physics_shape_rotation/>
		</voxel>
		<voxel flags="1">
			<position x="1" y="4"/>
			<physics_shape_rotation/>
		</voxel>
		<voxel flags="1">
			<position x="2" y="-2"/>
			<physics_shape_rotation/>
		</voxel>
		<voxel flags="1">
			<position x="2" y="-1"/>
			<physics_shape_rotation/>
		</voxel>
		<voxel flags="1">
			<position x="2"/>
			<physics_shape_rotation/>
		</voxel>
		<voxel flags="1">
			<position x="2" y="1"/>
			<physics_shape_rotation/>
		</voxel>
		<voxel flags="1">
			<position x="2" y="2"/>
			<physics_shape_rotation/>
		</voxel>
		<voxel flags="1">
			<position x="2" y="3"/>
			<physics_shape_rotation/>
		</voxel>
		<voxel flags="1">
			<position x="2" y="4"/>
			<physics_shape_rotation/>
		</voxel>
		<voxel flags="1">
			<position x="-2" y="-2" z="1"/>
			<physics_shape_rotation/>
		</voxel>
		<voxel flags="1">
			<position x="-2" y="-1" z="1"/>
			<physics_shape_rotation/>
		</voxel>
		<voxel flags="1">
			<position x="-2" z="1"/>
			<physics_shape_rotation/>
		</voxel>
		<voxel flags="1">
			<position x="-2" y="1" z="1"/>
			<physics_shape_rotation/>
		</voxel>
		<voxel flags="1">
			<position x="-2" y="2" z="1"/>
			<physics_shape_rotation/>
		</voxel>
		<voxel flags="1">
			<position x="-2" y="3" z="1"/>
			<physics_shape_rotation/>
		</voxel>
		<voxel flags="1">
			<position x="-2" y="4" z="1"/>
			<physics_shape_rotation/>
		</voxel>
		<voxel flags="1">
			<position x="-1" y="-2" z="1"/>
			<physics_shape_rotation/>
		</voxel>
		<voxel flags="1">
			<position x="-1" y="-1" z="1"/>
			<physics_shape_rotation/>
		</voxel>
		<voxel flags="1">
			<position x="-1" z="1"/>
			<physics_shape_rotation/>
		</voxel>
		<voxel flags="1">
			<position x="-1" y="1" z="1"/>
			<physics_shape_rotation/>
		</voxel>
		<voxel flags="1">
			<position x="-1" y="2" z="1"/>
			<physics_shape_rotation/>
		</voxel>
		<voxel flags="1">
			<position x="-1" y="3" z="1"/>
			<physics_shape_rotation/>
		</voxel>
		<voxel flags="1">
			<position x="-1" y="4" z="1"/>
			<physics_shape_rotation/>
		</voxel>
		<voxel flags="1">
			<position y="-2" z="1"/>
			<physics_shape_rotation/>
		</voxel>
		<voxel flags="1">
			<position y="-1" z="1"/>
			<physics_shape_rotation/>
		</voxel>
		<voxel flags="1">
			<position z="1"/>
			<physics_shape_rotation/>
		</voxel>
		<voxel flags="1">
			<position y="1" z="1"/>
			<physics_shape_rotation/>
		</voxel>
		<voxel flags="1">
			<position y="2" z="1"/>
			<physics_shape_rotation/>
		</voxel>
		<voxel flags="1">
			<position y="3" z="1"/>
			<physics_shape_rotation/>
		</voxel>
		<voxel flags="1">
			<position y="4" z="1"/>
			<physics_shape_rotation/>
		</voxel>
		<voxel flags="1">
			<position x="1" y="-2" z="1"/>
			<physics_shape_rotation/>
		</voxel>
		<voxel flags="1">
			<position x="1" y="-1" z="1"/>
			<physics_shape_rotation/>
		</voxel>
		<voxel flags="1">
			<position x="1" z="1"/>
			<physics_shape_rotation/>
		</voxel>
		<voxel flags="1">
			<position x="1" y="1" z="1"/>
			<physics_shape_rotation/>
		</voxel>
		<voxel flags="1">
			<position x="1" y="2" z="1"/>
			<physics_shape_rotation/>
		</voxel>
		<voxel flags="1">
			<position x="1" y="3" z="1"/>
			<physics_shape_rotation/>
		</voxel>
		<voxel flags="1">
			<position x="1" y="4" z="1"/>
			<physics_shape_rotation/>
		</voxel>
		<voxel flags="1">
			<position x="2" y="-2" z="1"/>
			<physics_shape_rotation/>
		</voxel>
		<voxel flags="1">
			<position x="2" y="-1" z="1"/>
			<physics_shape_rotation/>
		</voxel>
		<voxel flags="1">
			<position x="2" z="1"/>
			<physics_shape_rotation/>
		</voxel>
		<voxel flags="1">
			<position x="2" y="1" z="1"/>
			<physics_shape_rotation/>
		</voxel>
		<voxel flags="1">
			<position x="2" y="2" z="1"/>
			<physics_shape_rotation/>
		</voxel>
		<voxel flags="1">
			<position x="2" y="3" z="1"/>
			<physics_shape_rotation/>
		</voxel>
		<voxel flags="1">
			<position x="2" y="4" z="1"/>
			<physics_shape_rotation/>
		</voxel>
		<voxel flags="1">
			<position x="-2" y="-2" z="2"/>
			<physics_shape_rotation/>
		</voxel>
		<voxel flags="1">
			<position x="-2" y="-1" z="2"/>
			<physics_shape_rotation/>
		</voxel>
		<voxel flags="1">
			<position x="-2" z="2"/>
			<physics_shape_rotation/>
		</voxel>
		<voxel flags="1">
			<position x="-2" y="1" z="2"/>
			<physics_shape_rotation/>
		</voxel>
		<voxel flags="1">
			<position x="-2" y="2" z="2"/>
			<physics_shape_rotation/>
		</voxel>
		<voxel flags="1">
			<position x="-2" y="3" z="2"/>
			<physics_shape_rotation/>
		</voxel>
		<voxel flags="1">
			<position x="-2" y="4" z="2"/>
			<physics_shape_rotation/>
		</voxel>
		<voxel flags="1">
			<position x="-1" y="-2" z="2"/>
			<physics_shape_rotation/>
		</voxel>
		<voxel flags="1">
			<position x="-1" y="-1" z="2"/>
			<physics_shape_rotation/>
		</voxel>
		<voxel flags="1">
			<position x="-1" z="2"/>
			<physics_shape_rotation/>
		</voxel>
		<voxel flags="1">
			<position x="-1" y="1" z="2"/>
			<physics_shape_rotation/>
		</voxel>
		<voxel flags="1">
			<position x="-1" y="2" z="2"/>
			<physics_shape_rotation/>
		</voxel>
		<voxel flags="1">
			<position x="-1" y="3" z="2"/>
			<physics_shape_rotation/>
		</voxel>
		<voxel flags="1">
			<position y="-2" z="3"/>
			<physics_shape_rotation/>
		</voxel>
		<voxel flags="1">
			<position y="-2" z="2"/>
			<physics_shape_rotation/>
		</voxel>
		<voxel flags="1">
			<position y="-1" z="2"/>
			<physics_shape_rotation/>
		</voxel>
		<voxel flags="1">
			<position z="2"/>
			<physics_shape_rotation/>
		</voxel>
		<voxel flags="1">
			<position y="1" z="2"/>
			<physics_shape_rotation/>
		</voxel>
		<voxel flags="1">
			<position y="2" z="2"/>
			<physics_shape_rotation/>
		</voxel>
		<voxel flags="1">
			<position y="3" z="2"/>
			<physics_shape_rotation/>
		</voxel>
		<voxel flags="1">
			<position x="-1" y="4" z="2"/>
			<physics_shape_rotation/>
		</voxel>
		<voxel flags="1">
			<position y="4" z="2"/>
			<physics_shape_rotation/>
		</voxel>
		<voxel flags="1">
			<position x="1" y="-2" z="3"/>
			<physics_shape_rotation/>
		</voxel>
		<voxel flags="1">
			<position x="1" y="-1" z="3"/>
			<physics_shape_rotation/>
		</voxel>
		<voxel flags="1">
			<position x="1" z="3"/>
			<physics_shape_rotation/>
		</voxel>
		<voxel flags="1">
			<position x="1" z="2"/>
			<physics_shape_rotation/>
		</voxel>
		<voxel flags="1">
			<position x="1" y="1" z="2"/>
			<physics_shape_rotation/>
		</voxel>
		<voxel flags="1">
			<position x="1" y="2" z="2"/>
			<physics_shape_rotation/>
		</voxel>
		<voxel flags="1">
			<position x="1" y="3" z="2"/>
			<physics_shape_rotation/>
		</voxel>
		<voxel flags="1">
			<position x="2" y="-2" z="3"/>
			<physics_shape_rotation/>
		</voxel>
		<voxel flags="1">
			<position x="2" y="-1" z="3"/>
			<physics_shape_rotation/>
		</voxel>
		<voxel flags="1">
			<position x="2" z="3"/>
			<physics_shape_rotation/>
		</voxel>
		<voxel flags="1">
			<position x="2" y="1" z="3"/>
			<physics_shape_rotation/>
		</voxel>
		<voxel flags="1">
			<position x="2" y="1" z="2"/>
			<physics_shape_rotation/>
		</voxel>
		<voxel flags="1">
			<position x="2" y="2" z="2"/>
			<physics_shape_rotation/>
		</voxel>
		<voxel flags="1">
			<position x="2" y="3" z="2"/>
			<physics_shape_rotation/>
		</voxel>
		<voxel flags="1">
			<position x="2" y="4" z="2"/>
			<physics_shape_rotation/>
		</voxel>
		<voxel flags="1">
			<position x="1" y="4" z="2"/>
			<physics_shape_rotation/>
		</voxel>
		<voxel flags="1">
			<position x="1" y="-2" z="2"/>
			<physics_shape_rotation/>
		</voxel>
		<voxel flags="1">
			<position x="2" y="-2" z="2"/>
			<physics_shape_rotation/>
		</voxel>
		<voxel flags="1">
			<position x="1" y="-1" z="2"/>
			<physics_shape_rotation/>
		</voxel>
		<voxel flags="1">
			<position x="2" y="-1" z="2"/>
			<physics_shape_rotation/>
		</voxel>
		<voxel flags="1">
			<position x="2" z="2"/>
			<physics_shape_rotation/>
		</voxel>
		<voxel flags="1">
			<position x="-1" y="3" z="3"/>
			<physics_shape_rotation/>
		</voxel>
		<voxel flags="1">
			<position x="-1" y="3" z="4"/>
			<physics_shape_rotation/>
		</voxel>
		<voxel flags="1">
			<position x="-2" y="-2" z="3"/>
			<physics_shape_rotation/>
		</voxel>
		<voxel flags="1">
			<position x="-2" y="-2" z="4"/>
			<physics_shape_rotation/>
		</voxel>
		<voxel flags="1" buoy_pipes="18">
			<position x="-2" y="-2" z="5"/>
			<physics_shape_rotation/>
		</voxel>
		<voxel flags="1">
			<position x="-2" y="-1" z="3"/>
			<physics_shape_rotation/>
		</voxel>
		<voxel flags="1">
			<position x="-2" y="-1" z="4"/>
			<physics_shape_rotation/>
		</voxel>
		<voxel flags="1" buoy_pipes="18">
			<position x="-2" y="-1" z="5"/>
			<physics_shape_rotation/>
		</voxel>
		<voxel flags="1">
			<position x="-2" z="3"/>
			<physics_shape_rotation/>
		</voxel>
		<voxel flags="1">
			<position x="-2" z="4"/>
			<physics_shape_rotation/>
		</voxel>
		<voxel flags="1" buoy_pipes="18">
			<position x="-2" z="5"/>
			<physics_shape_rotation/>
		</voxel>
		<voxel flags="1">
			<position x="-2" y="1" z="3"/>
			<physics_shape_rotation/>
		</voxel>
		<voxel flags="1">
			<position x="-2" y="1" z="4"/>
			<physics_shape_rotation/>
		</voxel>
		<voxel flags="1" buoy_pipes="18">
			<position x="-2" y="1" z="5"/>
			<physics_shape_rotation/>
		</voxel>
		<voxel flags="1">
			<position x="-2" y="2" z="3"/>
			<physics_shape_rotation/>
		</voxel>
		<voxel flags="1">
			<position x="-2" y="2" z="4"/>
			<physics_shape_rotation/>
		</voxel>
		<voxel flags="1" buoy_pipes="26">
			<position x="-2" y="2" z="5"/>
			<physics_shape_rotation/>
		</voxel>
		<voxel flags="1">
			<position x="-2" y="3" z="3"/>
			<physics_shape_rotation/>
		</voxel>
		<voxel flags="1">
			<position x="-2" y="3" z="4"/>
			<physics_shape_rotation/>
		</voxel>
		<voxel flags="1" buoy_pipes="50">
			<position x="-2" y="3" z="5"/>
			<physics_shape_rotation/>
		</voxel>
		<voxel flags="1">
			<position x="-2" y="4" z="3"/>
			<physics_shape_rotation/>
		</voxel>
		<voxel flags="1">
			<position x="-2" y="4" z="4"/>
			<physics_shape_rotation/>
		</voxel>
		<voxel flags="1" buoy_pipes="10">
			<position x="-2" y="4" z="5"/>
			<physics_shape_rotation/>
		</voxel>
		<voxel flags="1">
			<position x="-1" y="4" z="3"/>
			<physics_shape_rotation/>
		</voxel>
		<voxel flags="1">
			<position x="-1" y="4" z="4"/>
			<physics_shape_rotation/>
		</voxel>
		<voxel flags="1" buoy_pipes="9">
			<position x="-1" y="4" z="5"/>
			<physics_shape_rotation/>
		</voxel>
		<voxel flags="1">
			<position y="4" z="3"/>
			<physics_shape_rotation/>
		</voxel>
		<voxel flags="1">
			<position y="4" z="4"/>
			<physics_shape_rotation/>
		</voxel>
		<voxel flags="1" buoy_pipes="41">
			<position y="4" z="5"/>
			<physics_shape_rotation/>
		</voxel>
		<voxel flags="1">
			<position x="1" y="4" z="3"/>
			<physics_shape_rotation/>
		</voxel>
		<voxel flags="1">
			<position x="1" y="4" z="4"/>
			<physics_shape_rotation/>
		</voxel>
		<voxel flags="1" buoy_pipes="9">
			<position x="1" y="4" z="5"/>
			<physics_shape_rotation/>
		</voxel>
		<voxel flags="1">
			<position x="2" y="4" z="3"/>
			<physics_shape_rotation/>
		</voxel>
		<voxel flags="1">
			<position x="2" y="4" z="4"/>
			<physics_shape_rotation/>
		</voxel>
		<voxel flags="1" buoy_pipes="3">
			<position x="2" y="4" z="5"/>
			<physics_shape_rotation/>
		</voxel>
		<voxel flags="1">
			<position x="2" y="3" z="3"/>
			<physics_shape_rotation/>
		</voxel>
		<voxel flags="1">
			<position x="2" y="3" z="4"/>
			<physics_shape_rotation/>
		</voxel>
		<voxel flags="1" buoy_pipes="50">
			<position x="2" y="3" z="5"/>
			<physics_shape_rotation/>
		</voxel>
		<voxel flags="1">
			<position x="1" y="3" z="3"/>
			<physics_shape_rotation/>
		</voxel>
		<voxel flags="1">
			<position x="1" y="3" z="4"/>
			<physics_shape_rotation/>
		</voxel>
		<voxel flags="1">
			<position x="1" y="3" z="5"/>
			<physics_shape_rotation/>
		</voxel>
		<voxel flags="1">
			<position y="3" z="3"/>
			<physics_shape_rotation/>
		</voxel>
		<voxel flags="1">
			<position y="3" z="4"/>
			<physics_shape_rotation/>
		</voxel>
		<voxel flags="1">
			<position y="3" z="5"/>
			<physics_shape_rotation/>
		</voxel>
		<voxel flags="1">
			<position x="-1" y="3" z="5"/>
			<physics_shape_rotation/>
		</voxel>
		<voxel flags="1">
			<position x="-1" y="2" z="3"/>
			<physics_shape_rotation/>
		</voxel>
		<voxel flags="1">
			<position x="-1" y="2" z="4"/>
			<physics_shape_rotation/>
		</voxel>
		<voxel flags="1" buoy_pipes="41">
			<position x="-1" y="2" z="5"/>
			<physics_shape_rotation/>
		</voxel>
		<voxel flags="1">
			<position y="2" z="3"/>
			<physics_shape_rotation/>
		</voxel>
		<voxel flags="1">
			<position y="2" z="4"/>
			<physics_shape_rotation/>
		</voxel>
		<voxel flags="1" buoy_pipes="41">
			<position y="2" z="5"/>
			<physics_shape_rotation/>
		</voxel>
		<voxel flags="1">
			<position x="1" y="2" z="3"/>
			<physics_shape_rotation/>
		</voxel>
		<voxel flags="1">
			<position x="1" y="2" z="4"/>
			<physics_shape_rotation/>
		</voxel>
		<voxel flags="1" buoy_pipes="41">
			<position x="1" y="2" z="5"/>
			<physics_shape_rotation/>
		</voxel>
		<voxel flags="1">
			<position x="2" y="2" z="3"/>
			<physics_shape_rotation/>
		</voxel>
		<voxel flags="1">
			<position x="2" y="2" z="4"/>
			<physics_shape_rotation/>
		</voxel>
		<voxel flags="1" buoy_pipes="19">
			<position x="2" y="2" z="5"/>
			<physics_shape_rotation/>
		</voxel>
		<voxel flags="1">
			<position x="2" y="1" z="4"/>
			<physics_shape_rotation/>
		</voxel>
		<voxel flags="1" buoy_pipes="18">
			<position x="2" y="1" z="5"/>
			<physics_shape_rotation/>
		</voxel>
		<voxel flags="1">
			<position x="1" y="1" z="3"/>
			<physics_shape_rotation/>
		</voxel>
		<voxel flags="1">
			<position x="1" y="1" z="4"/>
			<physics_shape_rotation/>
		</voxel>
		<voxel flags="1">
			<position x="1" y="1" z="5"/>
			<physics_shape_rotation/>
		</voxel>
		<voxel flags="1">
			<position y="1" z="3"/>
			<physics_shape_rotation/>
		</voxel>
		<voxel flags="1">
			<position y="1" z="4"/>
			<physics_shape_rotation/>
		</voxel>
		<voxel flags="1">
			<position y="1" z="5"/>
			<physics_shape_rotation/>
		</voxel>
		<voxel flags="1">
			<position x="-1" y="1" z="3"/>
			<physics_shape_rotation/>
		</voxel>
		<voxel flags="1">
			<position x="-1" y="1" z="4"/>
			<physics_shape_rotation/>
		</voxel>
		<voxel flags="1">
			<position x="-1" y="1" z="5"/>
			<physics_shape_rotation/>
		</voxel>
		<voxel flags="1">
			<position x="-1" z="3"/>
			<physics_shape_rotation/>
		</voxel>
		<voxel flags="1">
			<position x="-1" z="4"/>
			<physics_shape_rotation/>
		</voxel>
		<voxel flags="1">
			<position x="-1" z="5"/>
			<physics_shape_rotation/>
		</voxel>
		<voxel flags="1">
			<position z="3"/>
			<physics_shape_rotation/>
		</voxel>
		<voxel flags="1">
			<position z="4"/>
			<physics_shape_rotation/>
		</voxel>
		<voxel flags="1">
			<position z="5"/>
			<physics_shape_rotation/>
		</voxel>
		<voxel flags="1">
			<position x="1" z="4"/>
			<physics_shape_rotation/>
		</voxel>
		<voxel flags="1">
			<position x="1" z="5"/>
			<physics_shape_rotation/>
		</voxel>
		<voxel flags="1">
			<position x="2" z="4"/>
			<physics_shape_rotation/>
		</voxel>
		<voxel flags="1" buoy_pipes="18">
			<position x="2" z="5"/>
			<physics_shape_rotation/>
		</voxel>
		<voxel flags="1">
			<position x="2" y="-1" z="4"/>
			<physics_shape_rotation/>
		</voxel>
		<voxel flags="1" buoy_pipes="18">
			<position x="2" y="-1" z="5"/>
			<physics_shape_rotation/>
		</voxel>
		<voxel flags="1">
			<position x="1" y="-1" z="4"/>
			<physics_shape_rotation/>
		</voxel>
		<voxel flags="1">
			<position x="1" y="-1" z="5"/>
			<physics_shape_rotation/>
		</voxel>
		<voxel flags="1">
			<position y="-1" z="3"/>
			<physics_shape_rotation/>
		</voxel>
		<voxel flags="1">
			<position y="-1" z="4"/>
			<physics_shape_rotation/>
		</voxel>
		<voxel flags="1">
			<position y="-1" z="5"/>
			<physics_shape_rotation/>
		</voxel>
		<voxel flags="1">
			<position x="-1" y="-1" z="3"/>
			<physics_shape_rotation/>
		</voxel>
		<voxel flags="1">
			<position x="-1" y="-1" z="4"/>
			<physics_shape_rotation/>
		</voxel>
		<voxel flags="1">
			<position x="-1" y="-1" z="5"/>
			<physics_shape_rotation/>
		</voxel>
		<voxel flags="1">
			<position x="-1" y="-2" z="3"/>
			<physics_shape_rotation/>
		</voxel>
		<voxel flags="1">
			<position x="-1" y="-2" z="4"/>
			<physics_shape_rotation/>
		</voxel>
		<voxel flags="1">
			<position x="-1" y="-2" z="5"/>
			<physics_shape_rotation/>
		</voxel>
		<voxel flags="1">
			<position y="-2" z="4"/>
			<physics_shape_rotation/>
		</voxel>
		<voxel flags="1">
			<position y="-2" z="5"/>
			<physics_shape_rotation/>
		</voxel>
		<voxel flags="1">
			<position x="1" y="-2" z="4"/>
			<physics_shape_rotation/>
		</voxel>
		<voxel flags="1">
			<position x="1" y="-2" z="5"/>
			<physics_shape_rotation/>
		</voxel>
		<voxel flags="1">
			<position x="2" y="-2" z="4"/>
			<physics_shape_rotation/>
		</voxel>
		<voxel flags="1" buoy_pipes="18">
			<position x="2" y="-2" z="5"/>
			<physics_shape_rotation/>
		</voxel>
		<voxel flags="1">
			<position x="-2" z="-5"/>
			<physics_shape_rotation/>
		</voxel>
		<voxel flags="1">
			<position y="-2" z="-2"/>
			<physics_shape_rotation/>
		</voxel>
		<voxel flags="1">
			<position x="-1" y="-2" z="-2"/>
			<physics_shape_rotation/>
		</voxel>
		<voxel flags="1">
			<position x="-1" y="-2"/>
			<physics_shape_rotation/>
		</voxel>
		<voxel flags="1">
			<position x="-1" y="-1"/>
			<physics_shape_rotation/>
		</voxel>
		<voxel flags="1">
			<position x="-2" y="-1" z="-2"/>
			<physics_shape_rotation/>
		</voxel>
		<voxel flags="1">
			<position x="-1" y="-1" z="-3"/>
			<physics_shape_rotation/>
		</voxel>
		<voxel flags="1">
			<position x="-1" z="-3"/>
			<physics_shape_rotation/>
		</voxel>
		<voxel flags="1">
			<position x="-1" z="-4"/>
			<physics_shape_rotation/>
		</voxel>
		<voxel flags="1">
			<position x="-1" y="-1" z="-4"/>
			<physics_shape_rotation/>
		</voxel>
		<voxel flags="1">
			<position x="-2" y="-2"/>
			<physics_shape_rotation/>
		</voxel>
		<voxel flags="1">
			<position x="-2" y="-1"/>
			<physics_shape_rotation/>
		</voxel>
		<voxel flags="1">
			<position x="-2" y="-2" z="-1"/>
			<physics_shape_rotation/>
		</voxel>
		<voxel flags="1">
			<position x="-2" y="-1" z="-1"/>
			<physics_shape_rotation/>
		</voxel>
		<voxel flags="1">
			<position x="-2" z="-1"/>
			<physics_shape_rotation/>
		</voxel>
		<voxel flags="1">
			<position x="-2" y="1" z="-1"/>
			<physics_shape_rotation/>
		</voxel>
		<voxel flags="1">
			<position x="-2" y="1" z="-2"/>
			<physics_shape_rotation/>
		</voxel>
		<voxel flags="1">
			<position x="-2" z="-2"/>
			<physics_shape_rotation/>
		</voxel>
		<voxel flags="1">
			<position x="-2" y="-2" z="-2"/>
			<physics_shape_rotation/>
		</voxel>
		<voxel flags="1">
			<position x="-2" y="-2" z="-3"/>
			<physics_shape_rotation/>
		</voxel>
		<voxel flags="1">
			<position x="-2" y="-1" z="-3"/>
			<physics_shape_rotation/>
		</voxel>
		<voxel flags="1">
			<position x="-2" z="-3"/>
			<physics_shape_rotation/>
		</voxel>
		<voxel flags="1">
			<position x="-2" y="1" z="-3"/>
			<physics_shape_rotation/>
		</voxel>
		<voxel flags="1">
			<position x="-2" y="1" z="-4"/>
			<physics_shape_rotation/>
		</voxel>
		<voxel flags="1">
			<position x="-2" z="-4"/>
			<physics_shape_rotation/>
		</voxel>
		<voxel flags="1">
			<position x="-2" y="-1" z="-4"/>
			<physics_shape_rotation/>
		</voxel>
		<voxel flags="1">
			<position x="-2" y="-2" z="-4"/>
			<physics_shape_rotation/>
		</voxel>
	</voxels>
	<voxel_min x="-2" y="-3" z="-5"/>
	<voxel_max x="2" y="4" z="5"/>
	<voxel_physics_min x="-2" y="-3" z="-5"/>
	<voxel_physics_max x="2" y="4" z="5"/>
	<bb_physics_min/>
	<bb_physics_max/>
	<compartment_sample_pos/>
	<constraint_pos_parent/>
	<constraint_pos_child/>
	<voxel_location_child/>
	<seat_offset/>
	<seat_front/>
	<seat_up/>
	<seat_camera/>
	<seat_render/>
	<force_dir/>
	<light_position/>
	<light_color x="1" y="1" z="1"/>
	<light_forward/>
	<door_size x="1" y="1" z="1"/>
	<door_normal/>
	<door_side/>
	<door_up/>
	<door_base_pos/>
	<dynamic_body_position/>
	<dynamic_rotation_axes y="1"/>
	<dynamic_side_axis x="1"/>
	<magnet_offset/>
	<connector_axis/>
	<connector_up/>
	<jet_engine_connections_prev/>
	<jet_engine_connections_next/>
	<particle_direction/>
	<particle_offset/>
	<particle_bounds/>
	<rope_hook_offset/>
</definition>

